City,Date,PM25,PM10,Temperature,Humidity,AQI
Mumbai,2026-06-11 11:58:41.861102,43,222,21,60,132
Chennai,2026-05-25 11:58:41.861102,169,178,35,59,173
Bangalore,2026-05-19 11:58:41.861102,27,214,25,49,120
Delhi,2026-05-28 11:58:41.861102,79,105,32,62,92
Hyderabad,2026-05-22 11:58:41.861102,109,235,26,42,172
Hyderabad,2026-05-23 11:58:41.861102,113,73,21,76,93
Delhi,2026-06-14 11:58:41.861102,62,205,34,42,133
Delhi,2026-06-09 11:58:41.861102,106,176,28,80,141
Chennai,2026-05-28 11:58:41.861102,80,214,22,43,147
Delhi,2026-05-25 11:58:41.861102,68,199,28,64,133
Chennai,2026-06-08 11:58:41.861102,63,140,32,42,101
Bangalore,2026-06-07 11:58:41.861102,193,106,29,46,149
Bangalore,2026-05-29 11:58:41.861102,171,77,32,81,124
Hyderabad,2026-05-31 11:58:41.861102,138,121,20,50,129
Delhi,2026-06-06 11:58:41.861102,70,81,39,54,75
Delhi,2026-06-02 11:58:41.861102,109,92,20,56,100
Delhi,2026-05-29 11:58:41.861102,41,71,22,73,56
Bangalore,2026-05-19 11:58:41.861102,67,80,39,61,73
Delhi,2026-06-10 11:58:41.861102,23,56,32,81,39
Bangalore,2026-05-28 11:58:41.861102,106,232,29,54,169
Mumbai,2026-05-26 11:58:41.861102,176,245,26,85,210
Mumbai,2026-05-19 11:58:41.861102,97,97,28,62,97
Bangalore,2026-06-17 11:58:41.861102,166,59,36,41,112
Hyderabad,2026-05-20 11:58:41.861102,25,175,36,40,100
Bangalore,2026-05-28 11:58:41.861102,85,240,27,43,162
Chennai,2026-06-09 11:58:41.861102,86,194,30,74,140
Hyderabad,2026-06-12 11:58:41.861102,90,41,35,59,65
Delhi,2026-06-12 11:58:41.861102,177,135,31,49,156
Delhi,2026-06-12 11:58:41.861102,185,50,31,60,117
Mumbai,2026-06-03 11:58:41.861102,133,176,39,83,154
Hyderabad,2026-05-31 11:58:41.861102,139,80,33,48,109
Chennai,2026-06-12 11:58:41.861102,127,208,30,64,167
Hyderabad,2026-05-25 11:58:41.861102,138,187,26,67,162
Delhi,2026-05-30 11:58:41.861102,56,132,39,67,94
Delhi,2026-05-26 11:58:41.861102,60,47,33,54,53
Mumbai,2026-06-17 11:58:41.861102,141,75,22,82,108
Bangalore,2026-06-02 11:58:41.861102,165,195,27,72,180
Bangalore,2026-06-06 11:58:41.861102,66,201,32,79,133
Delhi,2026-06-07 11:58:41.861102,22,184,35,79,103
Mumbai,2026-05-21 11:58:41.861102,52,180,29,79,116
Hyderabad,2026-05-21 11:58:41.861102,48,94,29,69,71
Mumbai,2026-06-09 11:58:41.861102,83,136,33,61,109
Mumbai,2026-05-21 11:58:41.861102,80,157,32,73,118
Chennai,2026-05-28 11:58:41.861102,90,96,30,43,93
Bangalore,2026-06-13 11:58:41.861102,77,168,26,76,122
Delhi,2026-06-11 11:58:41.861102,130,204,39,64,167
Chennai,2026-05-22 11:58:41.861102,36,37,35,79,36
Delhi,2026-06-01 11:58:41.861102,112,115,39,44,113
Chennai,2026-05-24 11:58:41.861102,100,79,29,74,89
Chennai,2026-06-06 11:58:41.861102,172,193,26,80,182
Bangalore,2026-06-09 11:58:41.861102,96,155,23,56,125
Chennai,2026-05-21 11:58:41.861102,141,226,25,43,183
Hyderabad,2026-05-30 11:58:41.861102,45,145,24,43,95
Mumbai,2026-06-15 11:58:41.861102,88,32,24,43,60
Bangalore,2026-06-07 11:58:41.861102,166,247,21,53,206
Mumbai,2026-06-15 11:58:41.861102,85,227,20,52,156
Mumbai,2026-06-16 11:58:41.861102,130,38,39,54,84
Mumbai,2026-05-21 11:58:41.861102,73,101,26,57,87
Hyderabad,2026-06-03 11:58:41.861102,198,187,32,53,192
Hyderabad,2026-06-06 11:58:41.861102,99,133,21,83,116
Chennai,2026-06-15 11:58:41.861102,93,244,32,89,168
Hyderabad,2026-05-24 11:58:41.861102,112,168,25,57,140
Delhi,2026-06-11 11:58:41.861102,83,221,37,42,152
Delhi,2026-05-23 11:58:41.861102,82,183,32,47,132
Mumbai,2026-06-04 11:58:41.861102,162,95,39,61,128
Delhi,2026-05-19 11:58:41.861102,91,227,24,53,159
Bangalore,2026-05-24 11:58:41.861102,98,153,25,63,125
Delhi,2026-05-19 11:58:41.861102,171,164,33,57,167
Mumbai,2026-05-27 11:58:41.861102,47,86,39,80,66
Hyderabad,2026-06-17 11:58:41.861102,64,90,32,63,77
Hyderabad,2026-06-02 11:58:41.861102,143,221,34,76,182
Bangalore,2026-06-16 11:58:41.861102,139,167,30,51,153
Delhi,2026-06-14 11:58:41.861102,44,100,38,63,72
Delhi,2026-05-24 11:58:41.861102,96,69,29,58,82
Bangalore,2026-05-25 11:58:41.861102,188,200,34,71,194
Delhi,2026-06-10 11:58:41.861102,156,114,27,40,135
Mumbai,2026-06-08 11:58:41.861102,66,204,22,86,135
Mumbai,2026-05-25 11:58:41.861102,129,106,27,53,117
Hyderabad,2026-05-20 11:58:41.861102,71,183,39,85,127
Mumbai,2026-06-05 11:58:41.861102,51,158,29,57,104
Bangalore,2026-05-23 11:58:41.861102,77,183,33,71,130
Mumbai,2026-06-01 11:58:41.861102,186,142,30,58,164
Bangalore,2026-06-01 11:58:41.861102,137,129,27,63,133
Delhi,2026-06-01 11:58:41.861102,123,166,24,56,144
Delhi,2026-05-24 11:58:41.861102,79,133,38,45,106
Chennai,2026-05-19 11:58:41.861102,22,91,22,56,56
Bangalore,2026-06-07 11:58:41.861102,103,82,21,50,92
Delhi,2026-05-28 11:58:41.861102,104,42,35,89,73
Chennai,2026-06-15 11:58:41.861102,68,84,23,64,76
Bangalore,2026-06-04 11:58:41.861102,29,85,26,66,57
Bangalore,2026-05-31 11:58:41.861102,138,221,33,56,179
Chennai,2026-05-27 11:58:41.861102,114,196,39,68,155
Bangalore,2026-06-16 11:58:41.861102,115,220,27,53,167
Mumbai,2026-06-09 11:58:41.861102,128,199,27,66,163
Hyderabad,2026-06-03 11:58:41.861102,147,135,31,87,141
Delhi,2026-06-15 11:58:41.861102,35,154,26,75,94
Bangalore,2026-06-02 11:58:41.861102,73,58,21,69,65
Mumbai,2026-05-31 11:58:41.861102,154,202,20,68,178
Delhi,2026-06-01 11:58:41.861102,146,179,29,85,162
Mumbai,2026-05-27 11:58:41.861102,178,221,33,60,199
Bangalore,2026-06-02 11:58:41.861102,48,127,20,44,87
Chennai,2026-06-07 11:58:41.861102,109,37,33,84,73
Delhi,2026-06-17 11:58:41.861102,146,99,38,68,122
Chennai,2026-05-31 11:58:41.861102,73,100,22,60,86
Chennai,2026-05-30 11:58:41.861102,145,228,36,76,186
Bangalore,2026-06-13 11:58:41.861102,110,209,23,84,159
Delhi,2026-05-23 11:58:41.861102,69,136,38,79,102
Chennai,2026-06-06 11:58:41.861102,64,138,21,60,101
Delhi,2026-06-15 11:58:41.861102,68,193,24,43,130
Bangalore,2026-06-09 11:58:41.861102,30,228,36,59,129
Bangalore,2026-05-23 11:58:41.861102,27,117,39,86,72
Hyderabad,2026-05-21 11:58:41.861102,104,156,38,62,130
Mumbai,2026-06-16 11:58:41.861102,40,246,23,64,143
Delhi,2026-06-03 11:58:41.861102,61,136,24,77,98
Mumbai,2026-06-17 11:58:41.861102,126,38,34,56,82
Bangalore,2026-05-21 11:58:41.861102,86,145,36,60,115
Bangalore,2026-05-24 11:58:41.861102,185,103,24,50,144
Delhi,2026-05-29 11:58:41.861102,109,86,25,68,97
Bangalore,2026-06-10 11:58:41.861102,24,157,21,66,90
Hyderabad,2026-06-09 11:58:41.861102,31,55,34,81,43
Chennai,2026-06-06 11:58:41.861102,98,228,35,76,163
Chennai,2026-06-05 11:58:41.861102,189,112,28,62,150
Chennai,2026-05-22 11:58:41.861102,46,240,35,85,143
Chennai,2026-05-26 11:58:41.861102,146,123,22,60,134
Bangalore,2026-05-27 11:58:41.861102,22,192,30,52,107
Mumbai,2026-05-29 11:58:41.861102,69,107,29,79,88
Hyderabad,2026-06-15 11:58:41.861102,91,73,27,42,82
Delhi,2026-06-15 11:58:41.861102,108,43,36,54,75
Hyderabad,2026-05-24 11:58:41.861102,176,62,20,52,119
Mumbai,2026-06-10 11:58:41.861102,126,33,34,71,79
Bangalore,2026-05-21 11:58:41.861102,78,147,34,48,112
Bangalore,2026-05-23 11:58:41.861102,183,94,27,79,138
Hyderabad,2026-06-07 11:58:41.861102,35,63,23,61,49
Bangalore,2026-05-30 11:58:41.861102,193,220,37,78,206
Mumbai,2026-05-27 11:58:41.861102,58,220,39,78,139
Chennai,2026-06-10 11:58:41.861102,50,238,29,62,144
Delhi,2026-06-07 11:58:41.861102,147,178,22,75,162
Mumbai,2026-05-31 11:58:41.861102,114,193,39,72,153
Bangalore,2026-05-22 11:58:41.861102,113,89,27,79,101
Chennai,2026-05-22 11:58:41.861102,170,195,32,45,182
Mumbai,2026-06-08 11:58:41.861102,89,158,32,57,123
Delhi,2026-05-28 11:58:41.861102,120,109,38,89,114
Delhi,2026-06-03 11:58:41.861102,47,148,21,66,97
Mumbai,2026-06-17 11:58:41.861102,182,136,22,67,159
Mumbai,2026-06-03 11:58:41.861102,158,57,21,77,107
Delhi,2026-06-11 11:58:41.861102,195,45,33,75,120
Mumbai,2026-05-25 11:58:41.861102,77,111,30,50,94
Delhi,2026-06-06 11:58:41.861102,153,178,34,80,165
Hyderabad,2026-06-17 11:58:41.861102,62,147,34,49,104
Mumbai,2026-06-12 11:58:41.861102,129,192,28,72,160
Hyderabad,2026-06-03 11:58:41.861102,186,30,37,87,108
Chennai,2026-06-06 11:58:41.861102,127,148,21,52,137
Bangalore,2026-06-14 11:58:41.861102,165,70,28,56,117
Bangalore,2026-06-13 11:58:41.861102,155,200,29,68,177
Mumbai,2026-06-05 11:58:41.861102,169,219,33,75,194
Mumbai,2026-06-05 11:58:41.861102,196,158,32,45,177
Hyderabad,2026-05-29 11:58:41.861102,179,197,30,63,188
Chennai,2026-06-15 11:58:41.861102,150,102,29,78,126
Delhi,2026-06-13 11:58:41.861102,34,117,39,72,75
Delhi,2026-05-27 11:58:41.861102,137,31,39,45,84
Bangalore,2026-05-21 11:58:41.861102,57,61,33,56,59
Hyderabad,2026-06-14 11:58:41.861102,64,56,24,71,60
Bangalore,2026-06-17 11:58:41.861102,190,155,33,48,172
Delhi,2026-06-12 11:58:41.861102,79,127,29,65,103
Hyderabad,2026-06-03 11:58:41.861102,170,120,31,50,145
Hyderabad,2026-05-26 11:58:41.861102,93,40,27,48,66
Bangalore,2026-06-10 11:58:41.861102,116,104,27,51,110
Bangalore,2026-05-30 11:58:41.861102,82,131,27,63,106
Hyderabad,2026-05-24 11:58:41.861102,129,162,31,46,145
Bangalore,2026-06-04 11:58:41.861102,24,194,23,79,109
Delhi,2026-06-11 11:58:41.861102,86,120,33,69,103
Chennai,2026-05-29 11:58:41.861102,52,49,39,84,50
Bangalore,2026-06-12 11:58:41.861102,183,96,33,87,139
Bangalore,2026-06-10 11:58:41.861102,150,200,26,51,175
Bangalore,2026-06-13 11:58:41.861102,164,93,33,71,128
Mumbai,2026-05-22 11:58:41.861102,196,245,30,56,220
Bangalore,2026-06-12 11:58:41.861102,135,214,37,57,174
Hyderabad,2026-06-01 11:58:41.861102,173,130,29,49,151
Chennai,2026-06-12 11:58:41.861102,75,87,36,49,81
Delhi,2026-06-01 11:58:41.861102,186,71,26,63,128
Hyderabad,2026-05-20 11:58:41.861102,180,43,27,77,111
Bangalore,2026-05-28 11:58:41.861102,104,81,24,58,92
Delhi,2026-06-07 11:58:41.861102,199,79,32,89,139
Hyderabad,2026-05-23 11:58:41.861102,116,237,23,68,176
Mumbai,2026-06-15 11:58:41.861102,190,113,39,68,151
Bangalore,2026-06-06 11:58:41.861102,155,155,26,71,155
Hyderabad,2026-05-25 11:58:41.861102,145,39,35,62,92
Bangalore,2026-06-12 11:58:41.861102,97,123,39,47,110
Delhi,2026-06-04 11:58:41.861102,180,162,22,62,171
Bangalore,2026-06-11 11:58:41.861102,172,59,35,55,115
Chennai,2026-05-20 11:58:41.861102,80,127,36,87,103
Hyderabad,2026-05-31 11:58:41.861102,181,189,23,51,185
Delhi,2026-06-03 11:58:41.861102,22,37,29,68,29
Chennai,2026-06-16 11:58:41.861102,122,171,28,57,146
Chennai,2026-05-23 11:58:41.861102,136,180,39,69,158
Hyderabad,2026-06-05 11:58:41.861102,54,30,21,42,42
Hyderabad,2026-06-12 11:58:41.861102,173,78,21,85,125
Hyderabad,2026-06-14 11:58:41.861102,58,82,25,56,70
Mumbai,2026-06-10 11:58:41.861102,152,47,20,46,99
Mumbai,2026-05-25 11:58:41.861102,27,136,26,53,81
Mumbai,2026-06-05 11:58:41.861102,74,105,31,67,89
Bangalore,2026-05-27 11:58:41.861102,124,94,27,76,109
Delhi,2026-06-08 11:58:41.861102,190,82,22,47,136
Bangalore,2026-05-25 11:58:41.861102,115,191,20,77,153
Chennai,2026-05-22 11:58:41.861102,105,214,37,81,159
Chennai,2026-05-26 11:58:41.861102,115,46,33,46,80
Bangalore,2026-06-17 11:58:41.861102,45,149,39,51,97
Bangalore,2026-05-24 11:58:41.861102,52,175,35,45,113
Hyderabad,2026-05-19 11:58:41.861102,84,60,27,46,72
Delhi,2026-05-30 11:58:41.861102,199,78,27,47,138
Hyderabad,2026-05-25 11:58:41.861102,93,203,29,62,148
Mumbai,2026-05-22 11:58:41.861102,142,245,39,74,193
Mumbai,2026-05-29 11:58:41.861102,90,168,30,80,129
Chennai,2026-06-04 11:58:41.861102,190,249,29,72,219
Chennai,2026-05-22 11:58:41.861102,146,38,29,51,92
Chennai,2026-06-12 11:58:41.861102,85,142,26,88,113
Bangalore,2026-06-05 11:58:41.861102,98,106,27,63,102
Mumbai,2026-06-04 11:58:41.861102,97,245,34,52,171
Mumbai,2026-05-27 11:58:41.861102,76,178,34,68,127
Delhi,2026-06-11 11:58:41.861102,151,181,23,83,166
Mumbai,2026-06-13 11:58:41.861102,162,140,32,40,151
Delhi,2026-06-16 11:58:41.861102,48,60,24,44,54
Hyderabad,2026-06-09 11:58:41.861102,132,110,35,89,121
Hyderabad,2026-06-03 11:58:41.861102,186,99,29,58,142
Bangalore,2026-06-15 11:58:41.861102,85,36,37,49,60
Hyderabad,2026-06-05 11:58:41.861102,28,132,26,45,80
Bangalore,2026-05-29 11:58:41.861102,171,197,20,86,184
Bangalore,2026-05-22 11:58:41.861102,161,41,29,82,101
Mumbai,2026-05-27 11:58:41.861102,94,236,22,87,165
Chennai,2026-05-26 11:58:41.861102,179,62,32,40,120
Bangalore,2026-06-02 11:58:41.861102,54,103,24,86,78
Mumbai,2026-06-07 11:58:41.861102,42,100,20,58,71
Hyderabad,2026-06-12 11:58:41.861102,168,103,35,57,135
Delhi,2026-06-11 11:58:41.861102,164,42,21,57,103
Delhi,2026-06-07 11:58:41.861102,70,70,29,71,70
Delhi,2026-06-02 11:58:41.861102,167,127,34,52,147
Delhi,2026-06-03 11:58:41.861102,122,106,38,65,114
Bangalore,2026-05-20 11:58:41.861102,40,230,32,60,135
Bangalore,2026-06-16 11:58:41.861102,41,54,35,48,47
Mumbai,2026-05-19 11:58:41.861102,39,118,35,64,78
Hyderabad,2026-05-30 11:58:41.861102,197,241,31,69,219
Hyderabad,2026-06-07 11:58:41.861102,56,186,23,56,121
Mumbai,2026-06-02 11:58:41.861102,143,194,22,65,168
Bangalore,2026-05-25 11:58:41.861102,138,150,31,47,144
Bangalore,2026-05-29 11:58:41.861102,137,245,30,41,191
Hyderabad,2026-05-26 11:58:41.861102,39,142,23,68,90
Chennai,2026-06-14 11:58:41.861102,124,153,26,57,138
Chennai,2026-06-09 11:58:41.861102,21,131,34,45,76
Delhi,2026-06-16 11:58:41.861102,84,225,35,42,154
Mumbai,2026-06-11 11:58:41.861102,198,66,30,44,132
Bangalore,2026-06-13 11:58:41.861102,23,187,29,78,105
Delhi,2026-06-03 11:58:41.861102,158,200,25,74,179
Chennai,2026-06-03 11:58:41.861102,141,223,39,72,182
Mumbai,2026-06-10 11:58:41.861102,54,187,35,57,120
Chennai,2026-05-25 11:58:41.861102,166,143,32,66,154
Bangalore,2026-06-02 11:58:41.861102,184,97,25,65,140
Delhi,2026-05-24 11:58:41.861102,151,110,26,56,130
Chennai,2026-06-08 11:58:41.861102,69,62,39,83,65
Chennai,2026-06-09 11:58:41.861102,141,218,26,56,179
Hyderabad,2026-06-02 11:58:41.861102,126,60,21,55,93
Bangalore,2026-06-08 11:58:41.861102,56,247,20,79,151
Bangalore,2026-05-23 11:58:41.861102,91,72,38,46,81
Hyderabad,2026-05-26 11:58:41.861102,22,94,24,49,58
Mumbai,2026-06-11 11:58:41.861102,144,191,22,42,167
Chennai,2026-06-03 11:58:41.861102,52,155,32,88,103
Hyderabad,2026-05-31 11:58:41.861102,99,54,20,45,76
Bangalore,2026-05-23 11:58:41.861102,180,237,39,88,208
Bangalore,2026-06-15 11:58:41.861102,65,111,36,58,88
Hyderabad,2026-06-08 11:58:41.861102,111,172,20,47,141
Chennai,2026-06-14 11:58:41.861102,179,125,30,59,152
Chennai,2026-06-03 11:58:41.861102,100,207,28,53,153
Delhi,2026-05-27 11:58:41.861102,76,170,25,44,123
Chennai,2026-06-04 11:58:41.861102,58,73,23,57,65
Hyderabad,2026-05-19 11:58:41.861102,63,54,22,67,58
Hyderabad,2026-06-09 11:58:41.861102,91,91,39,41,91
Delhi,2026-05-19 11:58:41.861102,70,46,26,47,58
Mumbai,2026-06-03 11:58:41.861102,54,204,28,59,129
Delhi,2026-06-17 11:58:41.861102,125,53,28,73,89
Bangalore,2026-06-16 11:58:41.861102,193,41,21,54,117
Delhi,2026-06-08 11:58:41.861102,186,197,31,66,191
Chennai,2026-06-14 11:58:41.861102,93,142,22,81,117
Hyderabad,2026-05-30 11:58:41.861102,51,128,23,56,89
Hyderabad,2026-05-20 11:58:41.861102,82,227,39,76,154
Bangalore,2026-06-17 11:58:41.861102,173,198,28,50,185
Hyderabad,2026-05-23 11:58:41.861102,190,173,28,46,181
Delhi,2026-06-05 11:58:41.861102,57,67,30,40,62
Delhi,2026-06-08 11:58:41.861102,50,148,39,77,99
Hyderabad,2026-06-02 11:58:41.861102,68,43,32,43,55
Hyderabad,2026-06-08 11:58:41.861102,168,133,22,63,150
Bangalore,2026-06-10 11:58:41.861102,185,209,28,70,197
Chennai,2026-05-22 11:58:41.861102,99,217,20,58,158
Hyderabad,2026-05-24 11:58:41.861102,176,247,30,63,211
Hyderabad,2026-06-10 11:58:41.861102,138,145,33,84,141
Mumbai,2026-06-05 11:58:41.861102,119,85,26,86,102
Chennai,2026-06-02 11:58:41.861102,130,146,34,47,138
Delhi,2026-06-04 11:58:41.861102,119,94,39,57,106
Chennai,2026-05-24 11:58:41.861102,159,107,32,45,133
Mumbai,2026-05-26 11:58:41.861102,80,182,36,59,131
Delhi,2026-05-24 11:58:41.861102,141,49,25,45,95
Chennai,2026-06-03 11:58:41.861102,54,96,20,60,75
Bangalore,2026-05-19 11:58:41.861102,35,123,24,40,79
Delhi,2026-05-22 11:58:41.861102,76,57,29,72,66
Delhi,2026-06-11 11:58:41.861102,134,65,37,50,99
Hyderabad,2026-05-31 11:58:41.861102,193,123,37,87,158
Mumbai,2026-06-05 11:58:41.861102,119,91,21,62,105
Mumbai,2026-05-19 11:58:41.861102,102,70,31,58,86
Bangalore,2026-05-24 11:58:41.861102,162,138,26,59,150
Chennai,2026-06-06 11:58:41.861102,175,157,20,89,166
Delhi,2026-06-04 11:58:41.861102,54,108,38,73,81
Hyderabad,2026-06-08 11:58:41.861102,92,231,20,73,161
Delhi,2026-05-21 11:58:41.861102,190,217,23,67,203
Chennai,2026-05-24 11:58:41.861102,30,185,28,46,107
Mumbai,2026-06-07 11:58:41.861102,82,112,26,85,97
Bangalore,2026-06-07 11:58:41.861102,33,47,28,79,40
Mumbai,2026-05-27 11:58:41.861102,127,117,35,41,122
Chennai,2026-06-08 11:58:41.861102,35,156,35,43,95
Mumbai,2026-05-27 11:58:41.861102,134,163,33,52,148
Hyderabad,2026-05-20 11:58:41.861102,141,217,28,83,179
Bangalore,2026-06-02 11:58:41.861102,36,235,31,70,135
Hyderabad,2026-05-29 11:58:41.861102,145,244,28,42,194
Bangalore,2026-05-30 11:58:41.861102,39,236,33,45,137
Mumbai,2026-05-26 11:58:41.861102,99,105,37,48,102
Delhi,2026-06-01 11:58:41.861102,91,40,23,52,65
Bangalore,2026-05-19 11:58:41.861102,119,210,22,76,164
Chennai,2026-05-28 11:58:41.861102,49,138,20,60,93
Hyderabad,2026-05-21 11:58:41.861102,41,159,23,68,100
Delhi,2026-05-23 11:58:41.861102,40,37,29,44,38
Bangalore,2026-05-27 11:58:41.861102,39,176,24,83,107
Mumbai,2026-06-10 11:58:41.861102,100,222,27,82,161
Hyderabad,2026-06-09 11:58:41.861102,171,222,24,58,196
Bangalore,2026-05-20 11:58:41.861102,191,144,38,68,167
Hyderabad,2026-05-19 11:58:41.861102,46,177,35,58,111
Hyderabad,2026-06-10 11:58:41.861102,103,80,23,83,91
Bangalore,2026-06-09 11:58:41.861102,44,129,31,46,86
Delhi,2026-06-02 11:58:41.861102,127,196,29,83,161
Mumbai,2026-06-09 11:58:41.861102,171,225,39,75,198
Delhi,2026-05-20 11:58:41.861102,81,39,32,87,60
Hyderabad,2026-06-17 11:58:41.861102,127,125,27,43,126
Delhi,2026-05-22 11:58:41.861102,189,209,38,82,199
Hyderabad,2026-06-06 11:58:41.861102,85,192,27,69,138
Mumbai,2026-06-01 11:58:41.861102,98,49,28,69,73
Mumbai,2026-05-28 11:58:41.861102,74,129,27,79,101
Bangalore,2026-06-08 11:58:41.861102,46,64,38,85,55
Chennai,2026-06-04 11:58:41.861102,116,85,23,44,100
Mumbai,2026-05-30 11:58:41.861102,103,56,22,40,79
Hyderabad,2026-06-12 11:58:41.861102,100,83,23,73,91
Hyderabad,2026-05-29 11:58:41.861102,112,208,32,84,160
Delhi,2026-05-21 11:58:41.861102,113,228,28,45,170
Mumbai,2026-05-26 11:58:41.861102,193,123,31,58,158
Mumbai,2026-05-25 11:58:41.861102,99,166,28,79,132
Chennai,2026-06-01 11:58:41.861102,194,44,39,53,119
Mumbai,2026-06-05 11:58:41.861102,113,135,39,55,124
Delhi,2026-06-07 11:58:41.861102,35,31,25,77,33
Delhi,2026-06-14 11:58:41.861102,117,176,32,58,146
Mumbai,2026-05-29 11:58:41.861102,74,45,34,84,59
Mumbai,2026-06-06 11:58:41.861102,85,30,29,60,57
Hyderabad,2026-06-02 11:58:41.861102,81,90,20,77,85
Mumbai,2026-06-16 11:58:41.861102,50,238,33,76,144
Hyderabad,2026-06-11 11:58:41.861102,53,192,36,70,122
Chennai,2026-05-26 11:58:41.861102,21,71,37,44,46
Hyderabad,2026-05-29 11:58:41.861102,45,232,27,73,138
Bangalore,2026-05-23 11:58:41.861102,118,167,25,42,142
Mumbai,2026-06-06 11:58:41.861102,41,227,26,61,134
Mumbai,2026-06-08 11:58:41.861102,54,238,27,89,146
Bangalore,2026-05-26 11:58:41.861102,171,201,39,64,186
Chennai,2026-05-23 11:58:41.861102,47,114,22,49,80
Delhi,2026-05-19 11:58:41.861102,130,174,23,45,152
Delhi,2026-05-27 11:58:41.861102,45,62,22,86,53
Chennai,2026-06-07 11:58:41.861102,124,84,38,73,104
Delhi,2026-06-05 11:58:41.861102,170,96,24,42,133
Hyderabad,2026-06-10 11:58:41.861102,93,153,22,51,123
Chennai,2026-06-10 11:58:41.861102,76,47,25,42,61
Delhi,2026-06-14 11:58:41.861102,70,117,28,85,93
Bangalore,2026-06-13 11:58:41.861102,95,141,24,40,118
Delhi,2026-05-29 11:58:41.861102,36,213,23,69,124
Mumbai,2026-05-31 11:58:41.861102,28,134,25,83,81
Hyderabad,2026-06-05 11:58:41.861102,182,218,38,51,200
Delhi,2026-05-22 11:58:41.861102,30,46,30,74,38
Delhi,2026-05-29 11:58:41.861102,57,64,24,68,60
Chennai,2026-06-10 11:58:41.861102,169,133,27,68,151
Bangalore,2026-06-12 11:58:41.861102,70,169,36,50,119
Delhi,2026-06-07 11:58:41.861102,107,89,21,51,98
Bangalore,2026-06-04 11:58:41.872998,65,243,20,62,154
Mumbai,2026-05-21 11:58:41.872998,82,178,27,69,130
Chennai,2026-05-21 11:58:41.872998,181,116,25,75,148
Mumbai,2026-06-05 11:58:41.872998,102,200,34,56,151
Chennai,2026-06-01 11:58:41.872998,196,208,33,50,202
Bangalore,2026-06-16 11:58:41.872998,106,168,29,44,137
Bangalore,2026-06-03 11:58:41.872998,34,202,38,45,118
Chennai,2026-06-10 11:58:41.872998,160,112,23,58,136
Delhi,2026-05-28 11:58:41.872998,189,86,34,86,137
Hyderabad,2026-06-07 11:58:41.872998,155,62,34,45,108
Bangalore,2026-06-06 11:58:41.872998,59,79,38,81,69
Mumbai,2026-06-10 11:58:41.872998,105,170,33,52,137
Hyderabad,2026-05-20 11:58:41.872998,102,55,24,77,78
Delhi,2026-05-26 11:58:41.872998,89,160,26,71,124
Delhi,2026-05-21 11:58:41.872998,158,45,39,55,101
Chennai,2026-05-29 11:58:41.872998,130,144,27,69,137
Chennai,2026-06-01 11:58:41.872998,66,241,38,58,153
Hyderabad,2026-05-25 11:58:41.872998,161,154,25,40,157
Mumbai,2026-06-01 11:58:41.872998,28,44,25,44,36
Chennai,2026-06-11 11:58:41.872998,21,177,33,77,99
Hyderabad,2026-06-12 11:58:41.872998,171,165,22,82,168
Mumbai,2026-06-14 11:58:41.872998,60,77,35,48,68
Mumbai,2026-05-26 11:58:41.872998,192,130,20,47,161
Chennai,2026-05-19 11:58:41.872998,198,125,25,43,161
Bangalore,2026-05-30 11:58:41.872998,180,191,36,68,185
Delhi,2026-05-30 11:58:41.872998,177,100,29,84,138
Hyderabad,2026-06-14 11:58:41.872998,167,192,30,84,179
Hyderabad,2026-06-12 11:58:41.872998,128,199,35,41,163
Delhi,2026-05-27 11:58:41.872998,134,215,32,87,174
Mumbai,2026-06-13 11:58:41.872998,105,84,29,75,94
Hyderabad,2026-06-15 11:58:41.872998,150,147,38,54,148
Chennai,2026-05-26 11:58:41.872998,147,56,27,75,101
Mumbai,2026-06-03 11:58:41.872998,154,41,26,83,97
Chennai,2026-06-07 11:58:41.872998,192,94,25,81,143
Mumbai,2026-06-14 11:58:41.872998,186,72,28,83,129
Delhi,2026-06-02 11:58:41.872998,21,135,26,87,78
Chennai,2026-05-23 11:58:41.872998,198,199,22,42,198
Bangalore,2026-05-19 11:58:41.872998,40,75,32,82,57
Chennai,2026-05-31 11:58:41.872998,60,111,36,88,85
Bangalore,2026-06-14 11:58:41.872998,179,88,35,45,133
Bangalore,2026-06-10 11:58:41.872998,99,94,32,83,96
Chennai,2026-06-05 11:58:41.872998,126,103,34,51,114
Bangalore,2026-06-09 11:58:41.872998,186,145,20,59,165
Mumbai,2026-06-07 11:58:41.872998,41,217,21,87,129
Delhi,2026-05-25 11:58:41.872998,144,228,33,82,186
Chennai,2026-05-24 11:58:41.872998,45,102,33,59,73
Chennai,2026-06-09 11:58:41.872998,58,227,37,60,142
Hyderabad,2026-05-19 11:58:41.872998,41,114,27,66,77
Chennai,2026-06-14 11:58:41.872998,102,248,32,65,175
Bangalore,2026-06-17 11:58:41.872998,191,59,21,88,125
Delhi,2026-06-07 11:58:41.872998,93,134,38,61,113
Bangalore,2026-06-12 11:58:41.872998,156,217,31,44,186
Chennai,2026-06-02 11:58:41.872998,183,220,30,87,201
Chennai,2026-06-04 11:58:41.872998,90,128,28,79,109
Delhi,2026-06-13 11:58:41.872998,53,229,38,47,141
Bangalore,2026-05-31 11:58:41.872998,139,134,32,60,136
Delhi,2026-06-01 11:58:41.872998,27,138,20,46,82
Mumbai,2026-05-23 11:58:41.872998,169,80,24,53,124
Hyderabad,2026-06-05 11:58:41.872998,26,97,23,46,61
Chennai,2026-06-06 11:58:41.872998,131,210,21,43,170
Hyderabad,2026-06-14 11:58:41.872998,100,171,24,63,135
Delhi,2026-05-31 11:58:41.872998,51,112,20,54,81
Delhi,2026-06-12 11:58:41.872998,44,213,29,56,128
Bangalore,2026-06-05 11:58:41.872998,131,118,28,56,124
Hyderabad,2026-05-23 11:58:41.872998,37,154,22,46,95
Bangalore,2026-05-28 11:58:41.872998,105,36,31,50,70
Delhi,2026-06-14 11:58:41.872998,53,119,31,49,86
Delhi,2026-05-25 11:58:41.872998,26,132,32,51,79
Delhi,2026-06-04 11:58:41.872998,113,127,31,74,120
Delhi,2026-05-30 11:58:41.872998,115,222,28,43,168
Mumbai,2026-06-11 11:58:41.872998,190,33,38,45,111
Bangalore,2026-05-19 11:58:41.872998,198,207,33,81,202
Delhi,2026-06-08 11:58:41.872998,108,157,25,83,132
Mumbai,2026-06-01 11:58:41.872998,117,81,25,72,99
Chennai,2026-05-21 11:58:41.872998,169,32,20,47,100
Hyderabad,2026-05-20 11:58:41.872998,166,197,34,53,181
Delhi,2026-06-13 11:58:41.872998,56,208,25,42,132
Bangalore,2026-06-10 11:58:41.872998,175,34,34,89,104
Delhi,2026-05-20 11:58:41.872998,120,30,22,65,75
Mumbai,2026-06-17 11:58:41.872998,34,162,26,68,98
Bangalore,2026-06-17 11:58:41.872998,100,217,37,54,158
Bangalore,2026-05-31 11:58:41.872998,116,132,36,60,124
Mumbai,2026-06-04 11:58:41.872998,188,199,28,80,193
Bangalore,2026-05-27 11:58:41.872998,198,126,37,52,162
Chennai,2026-06-07 11:58:41.872998,79,137,31,76,108
Hyderabad,2026-06-12 11:58:41.872998,107,236,29,56,171
Hyderabad,2026-06-17 11:58:41.872998,159,199,28,79,179
Delhi,2026-06-09 11:58:41.872998,164,57,38,49,110
Chennai,2026-05-28 11:58:41.872998,38,183,36,69,110
Mumbai,2026-06-12 11:58:41.872998,52,237,27,53,144
Delhi,2026-06-06 11:58:41.872998,158,106,23,77,132
Delhi,2026-06-16 11:58:41.872998,170,180,36,69,175
Hyderabad,2026-05-26 11:58:41.872998,26,184,29,73,105
Hyderabad,2026-05-20 11:58:41.872998,197,183,24,42,190
Bangalore,2026-06-15 11:58:41.872998,157,151,32,55,154
Chennai,2026-05-31 11:58:41.872998,181,134,27,81,157
Bangalore,2026-05-31 11:58:41.872998,105,191,38,61,148
Delhi,2026-05-20 11:58:41.872998,147,41,26,65,94
Hyderabad,2026-05-19 11:58:41.872998,55,161,23,51,108
Delhi,2026-05-24 11:58:41.872998,30,85,28,81,57
Hyderabad,2026-06-09 11:58:41.872998,90,90,29,47,90
Bangalore,2026-05-19 11:58:41.872998,176,81,32,50,128
Bangalore,2026-06-12 11:58:41.872998,176,161,27,66,168
Mumbai,2026-06-09 11:58:41.872998,152,108,27,85,130
Delhi,2026-06-07 11:58:41.872998,143,192,33,70,167
Hyderabad,2026-05-31 11:58:41.872998,68,231,39,72,149
Bangalore,2026-05-30 11:58:41.872998,141,69,30,76,105
Mumbai,2026-06-04 11:58:41.872998,96,161,32,72,128
Chennai,2026-05-19 11:58:41.872998,51,248,20,69,149
Mumbai,2026-05-28 11:58:41.872998,147,96,31,70,121
Chennai,2026-06-12 11:58:41.872998,54,148,32,86,101
Delhi,2026-05-25 11:58:41.872998,132,56,22,80,94
Delhi,2026-06-11 11:58:41.872998,121,64,22,51,92
Hyderabad,2026-05-24 11:58:41.872998,30,64,22,74,47
Delhi,2026-05-29 11:58:41.872998,144,244,21,80,194
Bangalore,2026-06-07 11:58:41.872998,180,180,36,83,180
Bangalore,2026-05-27 11:58:41.872998,46,170,33,64,108
Bangalore,2026-06-13 11:58:41.872998,38,137,25,46,87
Bangalore,2026-05-31 11:58:41.872998,93,100,22,71,96
Bangalore,2026-06-16 11:58:41.872998,133,194,25,89,163
Mumbai,2026-06-04 11:58:41.872998,138,125,31,41,131
Chennai,2026-06-04 11:58:41.872998,46,231,34,86,138
Delhi,2026-06-14 11:58:41.872998,43,176,25,54,109
Delhi,2026-06-08 11:58:41.872998,29,209,36,88,119
Bangalore,2026-05-27 11:58:41.872998,164,50,38,87,107
Delhi,2026-05-20 11:58:41.872998,162,144,28,82,153
Bangalore,2026-06-08 11:58:41.872998,20,111,29,61,65
Mumbai,2026-06-06 11:58:41.872998,157,240,24,63,198
Bangalore,2026-05-28 11:58:41.872998,178,146,28,68,162
Chennai,2026-06-14 11:58:41.872998,38,199,35,89,118
Chennai,2026-06-06 11:58:41.872998,105,69,39,67,87
Hyderabad,2026-05-22 11:58:41.872998,155,112,24,62,133
Delhi,2026-06-17 11:58:41.872998,103,114,30,81,108
Delhi,2026-06-08 11:58:41.872998,192,42,29,54,117
Bangalore,2026-06-02 11:58:41.872998,135,36,34,56,85
Bangalore,2026-06-05 11:58:41.872998,123,232,21,57,177
Bangalore,2026-06-16 11:58:41.872998,116,66,29,85,91
Mumbai,2026-05-30 11:58:41.872998,108,198,30,41,153
Delhi,2026-06-04 11:58:41.872998,137,89,21,41,113
Mumbai,2026-05-24 11:58:41.872998,72,157,28,44,114
Mumbai,2026-05-25 11:58:41.872998,198,186,32,50,192
Hyderabad,2026-06-07 11:58:41.872998,158,225,36,41,191
Delhi,2026-05-20 11:58:41.872998,24,130,27,68,77
Delhi,2026-05-21 11:58:41.872998,117,87,29,71,102
Chennai,2026-06-03 11:58:41.872998,191,156,26,88,173
Chennai,2026-06-15 11:58:41.872998,97,59,26,45,78
Bangalore,2026-05-21 11:58:41.872998,132,228,25,74,180
Bangalore,2026-06-13 11:58:41.872998,171,218,25,73,194
Chennai,2026-05-25 11:58:41.872998,151,139,30,61,145
Bangalore,2026-05-20 11:58:41.872998,54,122,27,76,88
Bangalore,2026-06-14 11:58:41.872998,88,180,24,88,134
Mumbai,2026-06-01 11:58:41.872998,114,237,23,86,175
Delhi,2026-06-01 11:58:41.872998,155,93,22,75,124
Delhi,2026-05-20 11:58:41.872998,125,174,35,64,149
Mumbai,2026-06-12 11:58:41.872998,153,208,38,50,180
Hyderabad,2026-05-28 11:58:41.872998,142,181,31,78,161
Chennai,2026-06-03 11:58:41.872998,54,177,21,77,115
Mumbai,2026-06-04 11:58:41.872998,178,170,24,67,174
Hyderabad,2026-06-01 11:58:41.872998,169,238,22,78,203
Mumbai,2026-06-17 11:58:41.872998,148,226,37,82,187
Delhi,2026-06-06 11:58:41.872998,120,94,23,55,107
Hyderabad,2026-05-25 11:58:41.872998,44,233,28,40,138
Hyderabad,2026-05-19 11:58:41.872998,157,115,33,42,136
Delhi,2026-05-25 11:58:41.872998,145,107,31,73,126
Delhi,2026-06-05 11:58:41.872998,143,193,33,57,168
Chennai,2026-06-08 11:58:41.872998,122,120,32,80,121
Delhi,2026-06-07 11:58:41.872998,22,46,23,69,34
Bangalore,2026-05-28 11:58:41.872998,157,225,30,73,191
Delhi,2026-05-21 11:58:41.872998,151,149,32,88,150
Bangalore,2026-05-26 11:58:41.872998,25,71,25,74,48
Mumbai,2026-06-13 11:58:41.872998,62,73,28,54,67
Mumbai,2026-05-30 11:58:41.872998,186,115,37,67,150
Bangalore,2026-05-29 11:58:41.872998,124,113,27,60,118
Chennai,2026-06-01 11:58:41.872998,189,234,35,64,211
Delhi,2026-06-01 11:58:41.872998,108,134,31,72,121
Mumbai,2026-06-02 11:58:41.872998,26,121,34,43,73
Chennai,2026-05-19 11:58:41.872998,67,116,30,73,91
Bangalore,2026-05-25 11:58:41.872998,41,103,35,52,72
Delhi,2026-06-16 11:58:41.872998,140,156,29,56,148
Mumbai,2026-06-14 11:58:41.872998,29,146,25,54,87
Hyderabad,2026-05-28 11:58:41.872998,36,98,26,83,67
Bangalore,2026-06-15 11:58:41.872998,157,80,37,44,118
Delhi,2026-06-06 11:58:41.872998,99,235,25,51,167
Bangalore,2026-05-20 11:58:41.872998,57,234,29,74,145
Delhi,2026-05-23 11:58:41.872998,45,137,33,74,91
Bangalore,2026-06-09 11:58:41.872998,63,77,24,86,70
Bangalore,2026-06-03 11:58:41.872998,198,213,21,67,205
Bangalore,2026-05-29 11:58:41.872998,36,96,35,77,66
Chennai,2026-06-14 11:58:41.872998,93,166,25,87,129
Chennai,2026-05-22 11:58:41.872998,198,125,37,69,161
Delhi,2026-05-22 11:58:41.872998,151,174,30,79,162
Bangalore,2026-06-17 11:58:41.872998,128,164,37,61,146
Hyderabad,2026-05-23 11:58:41.872998,149,231,29,46,190
Bangalore,2026-06-14 11:58:41.872998,131,182,26,69,156
Bangalore,2026-05-21 11:58:41.872998,85,201,27,67,143
Bangalore,2026-05-30 11:58:41.872998,84,131,20,75,107
Delhi,2026-06-02 11:58:41.872998,77,121,20,61,99
Mumbai,2026-06-02 11:58:41.872998,39,209,33,69,124
Chennai,2026-06-12 11:58:41.872998,20,139,35,43,79
Chennai,2026-06-05 11:58:41.872998,59,53,30,45,56
Delhi,2026-05-21 11:58:41.872998,115,161,32,40,138
Mumbai,2026-06-05 11:58:41.872998,143,170,39,47,156
Delhi,2026-05-20 11:58:41.872998,141,230,20,64,185
Mumbai,2026-06-11 11:58:41.872998,186,43,38,75,114
Bangalore,2026-06-03 11:58:41.872998,191,78,30,44,134
Mumbai,2026-05-27 11:58:41.872998,160,137,28,70,148
Mumbai,2026-06-01 11:58:41.872998,91,56,26,83,73
Mumbai,2026-05-31 11:58:41.872998,192,246,36,54,219
Bangalore,2026-05-22 11:58:41.872998,181,94,29,53,137
Hyderabad,2026-05-21 11:58:41.872998,31,44,26,67,37
Mumbai,2026-06-14 11:58:41.872998,183,206,37,65,194
Bangalore,2026-05-24 11:58:41.872998,26,33,34,42,29
Chennai,2026-05-19 11:58:41.872998,109,167,32,63,138
Hyderabad,2026-06-10 11:58:41.872998,168,115,25,52,141
Delhi,2026-06-05 11:58:41.872998,108,177,28,59,142
Chennai,2026-05-31 11:58:41.872998,56,45,20,56,50
Delhi,2026-06-13 11:58:41.872998,81,191,31,56,136
Delhi,2026-05-24 11:58:41.872998,55,244,34,86,149
Delhi,2026-06-01 11:58:41.872998,164,34,22,57,99
Chennai,2026-05-24 11:58:41.872998,139,118,37,52,128
Mumbai,2026-06-08 11:58:41.872998,198,245,34,78,221
Mumbai,2026-05-29 11:58:41.872998,72,111,39,83,91
Mumbai,2026-06-16 11:58:41.872998,60,78,39,77,69
Mumbai,2026-05-30 11:58:41.872998,83,46,23,78,64
Hyderabad,2026-05-26 11:58:41.872998,127,217,34,62,172
Delhi,2026-06-05 11:58:41.872998,75,82,27,80,78
Delhi,2026-05-29 11:58:41.872998,40,60,22,77,50
Mumbai,2026-06-03 11:58:41.872998,106,236,37,87,171
Delhi,2026-06-14 11:58:41.872998,92,166,31,78,129
Bangalore,2026-06-08 11:58:41.872998,120,170,34,67,145
Chennai,2026-05-24 11:58:41.872998,131,154,33,54,142
Bangalore,2026-06-09 11:58:41.872998,31,73,35,70,52
Bangalore,2026-06-05 11:58:41.872998,50,142,37,88,96
Delhi,2026-05-19 11:58:41.872998,177,35,21,89,106
Chennai,2026-06-05 11:58:41.872998,109,216,38,57,162
Delhi,2026-06-13 11:58:41.872998,193,69,35,49,131
Hyderabad,2026-05-20 11:58:41.872998,151,203,33,40,177
Chennai,2026-05-24 11:58:41.872998,92,155,20,89,123
Delhi,2026-06-17 11:58:41.872998,155,248,37,41,201
Delhi,2026-06-10 11:58:41.872998,141,71,38,41,106
Chennai,2026-06-08 11:58:41.872998,54,200,38,45,127
Mumbai,2026-06-08 11:58:41.872998,184,48,21,54,116
Mumbai,2026-05-30 11:58:41.872998,43,125,35,88,84
Bangalore,2026-05-26 11:58:41.872998,113,56,28,80,84
Mumbai,2026-06-09 11:58:41.872998,47,177,31,86,112
Chennai,2026-05-19 11:58:41.872998,155,218,24,89,186
Chennai,2026-06-11 11:58:41.872998,154,226,33,40,190
Hyderabad,2026-05-29 11:58:41.872998,101,98,26,89,99
Hyderabad,2026-06-03 11:58:41.872998,193,34,29,87,113
Bangalore,2026-05-21 11:58:41.872998,124,90,34,64,107
Hyderabad,2026-05-27 11:58:41.872998,67,183,28,88,125
Mumbai,2026-06-15 11:58:41.872998,153,209,20,87,181
Bangalore,2026-06-09 11:58:41.872998,135,226,39,71,180
Bangalore,2026-06-02 11:58:41.872998,157,248,30,70,202
Hyderabad,2026-06-13 11:58:41.872998,125,34,30,50,79
Chennai,2026-05-31 11:58:41.872998,199,210,20,65,204
Chennai,2026-05-24 11:58:41.872998,104,124,33,86,114
Hyderabad,2026-05-24 11:58:41.872998,152,173,23,71,162
Mumbai,2026-05-21 11:58:41.872998,182,214,25,67,198
Hyderabad,2026-05-26 11:58:41.872998,35,62,31,84,48
Mumbai,2026-05-19 11:58:41.872998,143,208,24,60,175
Delhi,2026-06-01 11:58:41.872998,107,46,30,59,76
Hyderabad,2026-05-24 11:58:41.872998,146,64,24,79,105
Mumbai,2026-06-01 11:58:41.872998,78,73,20,71,75
Mumbai,2026-06-01 11:58:41.872998,137,101,24,84,119
Chennai,2026-06-16 11:58:41.872998,67,81,33,67,74
Chennai,2026-06-09 11:58:41.872998,21,167,34,70,94
Chennai,2026-06-01 11:58:41.872998,114,105,27,62,109
Delhi,2026-06-10 11:58:41.872998,54,222,34,69,138
Bangalore,2026-06-06 11:58:41.872998,175,50,38,80,112
Bangalore,2026-05-25 11:58:41.872998,155,163,27,63,159
Hyderabad,2026-06-10 11:58:41.872998,167,228,37,76,197
Hyderabad,2026-06-11 11:58:41.872998,89,61,39,59,75
Mumbai,2026-06-15 11:58:41.872998,188,204,27,60,196
Delhi,2026-06-06 11:58:41.872998,193,243,33,54,218
Chennai,2026-06-01 11:58:41.872998,124,243,31,85,183
Hyderabad,2026-05-24 11:58:41.872998,58,170,28,72,114
Mumbai,2026-05-23 11:58:41.872998,132,189,35,88,160
Mumbai,2026-05-23 11:58:41.872998,105,239,31,79,172
Bangalore,2026-05-23 11:58:41.872998,49,42,32,65,45
Mumbai,2026-06-13 11:58:41.872998,124,155,34,78,139
Mumbai,2026-06-14 11:58:41.872998,127,73,39,47,100
Hyderabad,2026-05-24 11:58:41.872998,99,213,32,82,156
Mumbai,2026-06-03 11:58:41.872998,179,81,26,58,130
Bangalore,2026-05-25 11:58:41.872998,85,140,28,63,112
Delhi,2026-06-08 11:58:41.872998,180,164,37,54,172
Chennai,2026-06-15 11:58:41.872998,137,135,23,42,136
Chennai,2026-06-05 11:58:41.872998,116,149,34,89,132
Hyderabad,2026-06-01 11:58:41.872998,28,166,27,63,97
Bangalore,2026-06-13 11:58:41.872998,109,233,24,84,171
Chennai,2026-06-12 11:58:41.872998,69,222,38,67,145
Chennai,2026-06-12 11:58:41.872998,34,166,29,85,100
Mumbai,2026-05-25 11:58:41.872998,85,71,37,88,78
Delhi,2026-05-29 11:58:41.872998,137,61,30,69,99
Delhi,2026-05-26 11:58:41.872998,41,194,37,51,117
Chennai,2026-06-17 11:58:41.872998,69,79,35,49,74
Chennai,2026-05-28 11:58:41.872998,122,236,26,46,179
Delhi,2026-06-16 11:58:41.872998,135,84,39,45,109
Chennai,2026-05-26 11:58:41.872998,152,102,38,48,127
Mumbai,2026-05-27 11:58:41.872998,74,128,31,62,101
Bangalore,2026-06-09 11:58:41.872998,87,93,20,54,90
Delhi,2026-05-23 11:58:41.872998,27,103,38,76,65
Hyderabad,2026-06-08 11:58:41.872998,187,225,32,85,206
Bangalore,2026-06-05 11:58:41.872998,194,207,32,50,200
Chennai,2026-06-07 11:58:41.872998,108,217,36,82,162
Hyderabad,2026-06-17 11:58:41.872998,59,65,38,63,62
Chennai,2026-06-11 11:58:41.872998,142,235,30,48,188
Bangalore,2026-05-20 11:58:41.872998,93,144,37,67,118
Mumbai,2026-05-26 11:58:41.872998,42,116,32,86,79
Delhi,2026-05-28 11:58:41.872998,146,98,25,46,122
Chennai,2026-06-01 11:58:41.872998,145,132,37,66,138
Chennai,2026-05-30 11:58:41.872998,143,133,29,75,138
Mumbai,2026-05-27 11:58:41.872998,153,180,38,40,166
Hyderabad,2026-05-28 11:58:41.872998,163,103,32,72,133
Mumbai,2026-05-30 11:58:41.872998,169,124,35,75,146
Mumbai,2026-05-26 11:58:41.872998,26,30,39,40,28
Bangalore,2026-05-27 11:58:41.872998,142,64,25,71,103
Bangalore,2026-06-07 11:58:41.872998,129,126,27,44,127
Bangalore,2026-06-08 11:58:41.872998,169,99,23,88,134
Chennai,2026-05-26 11:58:41.872998,149,81,33,52,115
Bangalore,2026-06-02 11:58:41.872998,35,86,22,47,60
Bangalore,2026-06-12 11:58:41.872998,37,100,34,57,68
Hyderabad,2026-06-04 11:58:41.872998,58,230,23,72,144
Delhi,2026-05-30 11:58:41.872998,108,212,26,57,160
Chennai,2026-05-31 11:58:41.872998,78,192,39,53,135
Bangalore,2026-06-02 11:58:41.872998,130,99,24,67,114
Hyderabad,2026-06-07 11:58:41.872998,26,182,23,54,104
Hyderabad,2026-05-25 11:58:41.872998,77,221,36,67,149
Delhi,2026-05-29 11:58:41.872998,147,221,39,41,184
Mumbai,2026-05-30 11:58:41.872998,27,167,22,65,97
Mumbai,2026-06-01 11:58:41.872998,70,171,27,70,120
Bangalore,2026-06-16 11:58:41.872998,197,105,39,56,151
Chennai,2026-06-16 11:58:41.872998,190,232,21,44,211
Bangalore,2026-05-30 11:58:41.872998,120,65,20,41,92
Chennai,2026-05-30 11:58:41.872998,144,166,35,68,155
Hyderabad,2026-06-17 11:58:41.872998,121,149,24,57,135
Delhi,2026-06-12 11:58:41.872998,170,122,39,40,146
Chennai,2026-05-28 11:58:41.872998,77,40,36,50,58
Hyderabad,2026-06-14 11:58:41.872998,181,33,23,55,107
Mumbai,2026-05-29 11:58:41.872998,124,155,21,89,139
Hyderabad,2026-06-04 11:58:41.872998,170,147,32,81,158
Hyderabad,2026-05-23 11:58:41.872998,49,107,27,59,78
Hyderabad,2026-06-07 11:58:41.872998,185,51,33,80,118
Hyderabad,2026-06-10 11:58:41.872998,115,53,20,84,84
Delhi,2026-06-08 11:58:41.872998,135,245,37,76,190
Hyderabad,2026-06-07 11:58:41.872998,94,32,25,56,63
Delhi,2026-06-05 11:58:41.872998,23,204,31,73,113
Hyderabad,2026-06-17 11:58:41.872998,179,236,30,81,207
Mumbai,2026-05-25 11:58:41.872998,118,63,28,49,90
Chennai,2026-06-14 11:58:41.872998,53,167,36,50,110
Bangalore,2026-06-01 11:58:41.872998,172,117,22,83,144
Mumbai,2026-05-22 11:58:41.872998,176,147,32,85,161
Delhi,2026-05-20 11:58:41.872998,101,57,34,86,79
Chennai,2026-06-06 11:58:41.872998,35,133,21,89,84
Mumbai,2026-05-21 11:58:41.872998,84,36,20,88,60
Hyderabad,2026-06-16 11:58:41.872998,151,188,33,67,169
Bangalore,2026-06-16 11:58:41.872998,195,174,20,75,184
Hyderabad,2026-06-01 11:58:41.872998,29,195,39,49,112
Mumbai,2026-06-12 11:58:41.872998,128,220,34,55,174
Chennai,2026-06-08 11:58:41.872998,91,61,36,47,76
Mumbai,2026-05-31 11:58:41.872998,83,34,23,76,58
Chennai,2026-05-20 11:58:41.872998,29,70,36,67,49
Mumbai,2026-05-21 11:58:41.872998,159,184,37,61,171
Bangalore,2026-06-03 11:58:41.872998,133,167,36,69,150
Delhi,2026-05-24 11:58:41.872998,86,143,30,50,114
Chennai,2026-06-11 11:58:41.872998,51,86,25,66,68
Delhi,2026-06-01 11:58:41.872998,117,123,37,84,120
Bangalore,2026-06-17 11:58:41.872998,92,36,26,42,64
Mumbai,2026-05-19 11:58:41.872998,113,77,38,42,95
Mumbai,2026-06-16 11:58:41.872998,150,236,20,54,193
Bangalore,2026-05-22 11:58:41.872998,87,52,33,56,69
Delhi,2026-06-14 11:58:41.872998,145,192,20,52,168
Chennai,2026-06-09 11:58:41.872998,30,205,29,67,117
Delhi,2026-05-21 11:58:41.872998,176,102,23,73,139
Bangalore,2026-06-04 11:58:41.872998,167,173,32,61,170
Chennai,2026-06-12 11:58:41.872998,54,245,26,67,149
Delhi,2026-06-06 11:58:41.872998,30,214,22,66,122
Hyderabad,2026-06-06 11:58:41.872998,116,66,39,44,91
Mumbai,2026-06-08 11:58:41.872998,157,243,30,43,200
Mumbai,2026-06-17 11:58:41.872998,116,144,38,89,130
Bangalore,2026-05-20 11:58:41.872998,151,110,36,43,130
Bangalore,2026-05-21 11:58:41.872998,54,35,24,53,44
Mumbai,2026-05-31 11:58:41.872998,42,225,37,63,133
Mumbai,2026-05-21 11:58:41.872998,107,37,36,76,72
Chennai,2026-06-06 11:58:41.872998,39,63,37,71,51
Mumbai,2026-06-06 11:58:41.872998,123,135,39,75,129
Delhi,2026-05-19 11:58:41.872998,138,214,26,65,176
Chennai,2026-06-04 11:58:41.872998,84,121,35,53,102
Hyderabad,2026-06-03 11:58:41.872998,31,54,22,62,42
Chennai,2026-05-24 11:58:41.872998,194,221,22,84,207
Bangalore,2026-05-23 11:58:41.872998,21,171,38,48,96
Mumbai,2026-05-29 11:58:41.872998,21,240,30,41,130
Chennai,2026-06-04 11:58:41.872998,80,89,23,89,84
Delhi,2026-06-13 11:58:41.872998,75,126,22,83,100
Bangalore,2026-06-06 11:58:41.872998,28,90,29,48,59
Bangalore,2026-06-04 11:58:41.872998,169,229,30,53,199
Mumbai,2026-06-11 11:58:41.872998,113,178,22,77,145
Hyderabad,2026-06-02 11:58:41.872998,107,165,39,88,136
Mumbai,2026-06-08 11:58:41.872998,54,143,27,83,98
Mumbai,2026-05-20 11:58:41.872998,82,78,37,68,80
Bangalore,2026-06-16 11:58:41.872998,155,110,24,47,132
Delhi,2026-06-10 11:58:41.872998,98,135,33,74,116
Chennai,2026-06-11 11:58:41.872998,168,123,30,57,145
Chennai,2026-06-17 11:58:41.872998,113,188,27,50,150
Chennai,2026-05-31 11:58:41.872998,166,143,36,48,154
Hyderabad,2026-06-04 11:58:41.872998,58,186,20,51,122
Bangalore,2026-06-04 11:58:41.872998,62,127,39,57,94
Hyderabad,2026-05-21 11:58:41.872998,125,201,37,88,163
Chennai,2026-06-11 11:58:41.872998,94,58,31,69,76
Mumbai,2026-05-19 11:58:41.872998,172,216,33,72,194
Delhi,2026-05-29 11:58:41.872998,87,32,39,86,59
Chennai,2026-06-09 11:58:41.872998,156,184,22,57,170
Bangalore,2026-05-26 11:58:41.872998,132,168,23,82,150
Mumbai,2026-06-05 11:58:41.872998,104,95,30,71,99
Bangalore,2026-06-11 11:58:41.872998,192,95,34,41,143
Mumbai,2026-06-16 11:58:41.872998,174,88,23,65,131
Delhi,2026-06-02 11:58:41.872998,127,99,24,51,113
Mumbai,2026-06-15 11:58:41.872998,173,122,39,81,147
Chennai,2026-05-28 11:58:41.872998,131,214,27,72,172
Delhi,2026-06-11 11:58:41.872998,131,32,38,41,81
Bangalore,2026-05-23 11:58:41.872998,148,152,24,76,150
Delhi,2026-06-14 11:58:41.872998,97,150,24,81,123
Bangalore,2026-06-01 11:58:41.872998,68,233,37,74,150
Bangalore,2026-06-16 11:58:41.872998,39,94,30,85,66
Mumbai,2026-06-17 11:58:41.872998,119,53,38,58,86
Chennai,2026-06-04 11:58:41.872998,21,174,21,47,97
Bangalore,2026-05-26 11:58:41.872998,56,155,26,86,105
Bangalore,2026-05-30 11:58:41.872998,71,235,25,41,153
Chennai,2026-06-14 11:58:41.872998,60,191,37,88,125
Hyderabad,2026-06-15 11:58:41.872998,106,181,20,44,143
Hyderabad,2026-05-28 11:58:41.872998,198,34,20,82,116
Mumbai,2026-05-28 11:58:41.872998,187,153,32,70,170
Hyderabad,2026-06-02 11:58:41.872998,101,192,30,52,146
Hyderabad,2026-05-21 11:58:41.872998,155,124,26,89,139
Chennai,2026-06-08 11:58:41.872998,36,234,34,81,135
Hyderabad,2026-06-15 11:58:41.872998,82,84,31,47,83
Mumbai,2026-05-29 11:58:41.872998,144,65,22,86,104
Bangalore,2026-05-26 11:58:41.872998,38,49,21,44,43
Hyderabad,2026-05-31 11:58:41.872998,122,242,35,52,182
Mumbai,2026-06-08 11:58:41.872998,47,209,20,82,128
Chennai,2026-06-17 11:58:41.872998,119,113,25,88,116
Hyderabad,2026-05-29 11:58:41.872998,63,217,38,63,140
Chennai,2026-06-07 11:58:41.872998,40,75,20,46,57
Bangalore,2026-05-24 11:58:41.872998,82,143,32,52,112
Bangalore,2026-06-05 11:58:41.872998,93,193,29,75,143
Hyderabad,2026-05-31 11:58:41.872998,68,104,24,68,86
Mumbai,2026-06-10 11:58:41.872998,45,111,28,84,78
Delhi,2026-05-19 11:58:41.872998,152,205,27,72,178
Bangalore,2026-05-20 11:58:41.872998,76,110,37,72,93
Delhi,2026-05-28 11:58:41.872998,57,62,39,54,59
Delhi,2026-06-10 11:58:41.872998,77,43,39,70,60
Chennai,2026-05-21 11:58:41.872998,168,93,23,88,130
Hyderabad,2026-06-12 11:58:41.872998,64,214,21,48,139
Chennai,2026-06-09 11:58:41.872998,154,217,30,57,185
Chennai,2026-06-04 11:58:41.872998,132,128,30,86,130
Delhi,2026-06-02 11:58:41.872998,96,128,24,85,112
Hyderabad,2026-06-10 11:58:41.872998,75,90,28,56,82
Chennai,2026-05-30 11:58:41.872998,44,165,21,63,104
Hyderabad,2026-05-20 11:58:41.872998,130,148,27,73,139
Mumbai,2026-06-10 11:58:41.872998,79,180,25,64,129
Bangalore,2026-06-12 11:58:41.872998,57,124,31,57,90
Mumbai,2026-05-28 11:58:41.872998,80,80,28,52,80
Mumbai,2026-05-20 11:58:41.872998,179,161,32,53,170
Delhi,2026-06-02 11:58:41.872998,104,68,22,63,86
Delhi,2026-06-09 11:58:41.872998,61,227,31,41,144
Bangalore,2026-06-16 11:58:41.872998,136,164,31,56,150
Chennai,2026-05-19 11:58:41.872998,150,105,38,68,127
Bangalore,2026-05-31 11:58:41.872998,173,132,39,59,152
Delhi,2026-05-22 11:58:41.872998,187,240,31,84,213
Delhi,2026-06-16 11:58:41.872998,152,216,36,53,184
Mumbai,2026-06-16 11:58:41.872998,115,160,20,44,137
Chennai,2026-05-28 11:58:41.872998,27,242,22,49,134
Bangalore,2026-06-12 11:58:41.872998,106,141,20,70,123
Delhi,2026-06-11 11:58:41.872998,109,122,31,65,115
Delhi,2026-05-29 11:58:41.872998,89,184,26,45,136
Hyderabad,2026-06-06 11:58:41.872998,58,241,30,46,149
Mumbai,2026-06-06 11:58:41.872998,198,55,35,89,126
Delhi,2026-06-11 11:58:41.872998,35,33,22,67,34
Bangalore,2026-06-13 11:58:41.872998,68,206,24,76,137
Mumbai,2026-05-30 11:58:41.872998,123,178,23,55,150
Mumbai,2026-06-07 11:58:41.872998,84,232,37,81,158
Hyderabad,2026-06-08 11:58:41.872998,182,108,21,74,145
Mumbai,2026-05-24 11:58:41.872998,173,199,26,88,186
Hyderabad,2026-05-29 11:58:41.872998,44,223,32,74,133
Bangalore,2026-06-13 11:58:41.872998,178,115,21,55,146
Chennai,2026-06-17 11:58:41.872998,139,211,28,76,175
Hyderabad,2026-05-24 11:58:41.872998,118,133,21,47,125
Chennai,2026-05-19 11:58:41.872998,161,237,28,87,199
Mumbai,2026-06-05 11:58:41.872998,116,43,34,49,79
Hyderabad,2026-05-30 11:58:41.872998,90,186,25,77,138
Mumbai,2026-05-31 11:58:41.872998,100,124,29,43,112
Delhi,2026-06-01 11:58:41.872998,90,101,35,42,95
Bangalore,2026-06-17 11:58:41.872998,190,219,26,48,204
Mumbai,2026-06-12 11:58:41.872998,123,168,37,60,145
Delhi,2026-06-09 11:58:41.872998,181,193,22,65,187
Hyderabad,2026-06-02 11:58:41.872998,98,117,39,87,107
Bangalore,2026-06-05 11:58:41.872998,185,211,26,59,198
Delhi,2026-06-02 11:58:41.872998,186,223,21,58,204
Hyderabad,2026-05-20 11:58:41.872998,59,89,32,53,74
Mumbai,2026-05-27 11:58:41.872998,77,219,24,64,148
Mumbai,2026-06-11 11:58:41.872998,46,124,39,73,85
Chennai,2026-05-24 11:58:41.872998,150,32,25,54,91
Chennai,2026-05-31 11:58:41.872998,89,245,21,55,167
Mumbai,2026-06-10 11:58:41.872998,113,106,26,89,109
Bangalore,2026-06-11 11:58:41.872998,139,177,29,88,158
Delhi,2026-05-20 11:58:41.872998,155,153,37,68,154
Bangalore,2026-06-07 11:58:41.872998,81,198,21,62,139
Hyderabad,2026-06-09 11:58:41.872998,161,206,34,77,183
Bangalore,2026-06-07 11:58:41.872998,147,86,22,40,116
Chennai,2026-06-11 11:58:41.872998,70,109,26,58,89
Hyderabad,2026-05-30 11:58:41.872998,32,91,39,85,61
Delhi,2026-05-19 11:58:41.872998,195,37,32,44,116
Hyderabad,2026-06-04 11:58:41.872998,159,167,31,73,163
Delhi,2026-05-31 11:58:41.872998,162,187,20,79,174
Bangalore,2026-05-30 11:58:41.872998,66,222,30,49,144
Bangalore,2026-05-22 11:58:41.872998,122,184,38,56,153
Bangalore,2026-06-13 11:58:41.872998,41,96,37,54,68
Bangalore,2026-06-14 11:58:41.872998,161,209,34,70,185
Chennai,2026-05-25 11:58:41.872998,192,119,39,85,155
Hyderabad,2026-06-04 11:58:41.872998,190,168,21,59,179
Chennai,2026-06-17 11:58:41.872998,172,203,20,85,187
Delhi,2026-05-19 11:58:41.872998,79,51,25,73,65
Chennai,2026-05-20 11:58:41.872998,77,55,39,86,66
Mumbai,2026-06-10 11:58:41.872998,78,56,23,45,67
Mumbai,2026-06-01 11:58:41.872998,89,143,21,57,116
Delhi,2026-06-04 11:58:41.872998,82,74,32,58,78
Delhi,2026-06-04 11:58:41.872998,85,55,26,87,70
Hyderabad,2026-06-09 11:58:41.872998,26,48,26,83,37
Mumbai,2026-06-04 11:58:41.872998,75,232,27,88,153
Delhi,2026-05-29 11:58:41.872998,95,225,39,86,160
Chennai,2026-05-30 11:58:41.872998,21,88,21,43,54
Hyderabad,2026-06-17 11:58:41.872998,154,194,39,80,174
Delhi,2026-06-05 11:58:41.872998,158,43,27,50,100
Mumbai,2026-06-12 11:58:41.872998,127,56,32,42,91
Chennai,2026-05-23 11:58:41.872998,126,93,36,74,109
Delhi,2026-05-25 11:58:41.872998,141,245,20,60,193
Bangalore,2026-05-29 11:58:41.872998,191,208,29,69,199
Mumbai,2026-05-30 11:58:41.872998,24,137,36,70,80
Mumbai,2026-05-31 11:58:41.872998,91,145,37,89,118
Mumbai,2026-06-11 11:58:41.872998,162,133,31,77,147
Chennai,2026-05-26 11:58:41.872998,152,174,21,63,163
Chennai,2026-06-17 11:58:41.872998,68,186,29,52,127
Bangalore,2026-05-24 11:58:41.872998,138,210,37,57,174
Delhi,2026-06-15 11:58:41.872998,33,159,25,76,96
Mumbai,2026-06-13 11:58:41.872998,96,71,21,61,83
Chennai,2026-05-31 11:58:41.872998,32,146,26,87,89
Hyderabad,2026-05-20 11:58:41.872998,186,228,31,55,207
Hyderabad,2026-05-29 11:58:41.872998,24,72,30,71,48
Delhi,2026-05-23 11:58:41.872998,108,147,39,67,127
Hyderabad,2026-06-03 11:58:41.872998,120,147,29,64,133
Bangalore,2026-05-23 11:58:41.872998,152,234,36,61,193
Hyderabad,2026-05-24 11:58:41.872998,59,204,32,87,131
Bangalore,2026-06-10 11:58:41.872998,36,64,31,88,50
Chennai,2026-06-04 11:58:41.872998,175,246,34,52,210
Mumbai,2026-05-20 11:58:41.872998,98,208,29,43,153
Chennai,2026-05-22 11:58:41.872998,155,247,38,65,201
Hyderabad,2026-06-01 11:58:41.872998,78,183,32,48,130
Mumbai,2026-06-06 11:58:41.872998,75,124,23,66,99
Delhi,2026-05-28 11:58:41.872998,36,111,37,63,73
Hyderabad,2026-06-15 11:58:41.872998,135,120,39,76,127
Hyderabad,2026-06-04 11:58:41.872998,21,142,34,69,81
Delhi,2026-06-15 11:58:41.872998,64,49,35,41,56
Hyderabad,2026-06-16 11:58:41.872998,193,209,35,70,201
Chennai,2026-06-07 11:58:41.872998,33,202,25,74,117
Chennai,2026-05-30 11:58:41.872998,97,80,28,45,88
Mumbai,2026-05-20 11:58:41.872998,161,215,31,82,188
Delhi,2026-06-15 11:58:41.872998,145,53,21,84,99
Bangalore,2026-05-21 11:58:41.872998,116,101,25,68,108
Hyderabad,2026-06-12 11:58:41.872998,45,236,28,73,140
Mumbai,2026-05-20 11:58:41.872998,193,79,23,69,136
Chennai,2026-05-23 11:58:41.872998,63,93,31,42,78
Hyderabad,2026-06-12 11:58:41.872998,153,227,31,85,190
Hyderabad,2026-05-29 11:58:41.872998,32,92,25,89,62
Bangalore,2026-06-01 11:58:41.872998,183,193,34,60,188
Mumbai,2026-05-29 11:58:41.872998,184,210,21,59,197
Delhi,2026-05-23 11:58:41.872998,102,99,22,45,100
Chennai,2026-06-04 11:58:41.872998,32,165,35,48,98
Chennai,2026-05-22 11:58:41.872998,183,249,32,41,216
Chennai,2026-05-26 11:58:41.872998,74,70,20,57,72
Mumbai,2026-05-30 11:58:41.872998,171,225,30,64,198
Chennai,2026-06-06 11:58:41.872998,112,36,24,60,74
Bangalore,2026-06-16 11:58:41.872998,92,173,28,47,132
Hyderabad,2026-05-21 11:58:41.872998,133,158,23,72,145
Hyderabad,2026-06-14 11:58:41.872998,175,73,21,83,124
Chennai,2026-06-10 11:58:41.872998,51,207,22,83,129
Mumbai,2026-06-03 11:58:41.872998,63,173,20,53,118
Delhi,2026-06-08 11:58:41.872998,63,117,27,88,90
Mumbai,2026-05-20 11:58:41.872998,159,37,23,77,98
Mumbai,2026-06-17 11:58:41.872998,120,220,22,57,170
Delhi,2026-06-15 11:58:41.872998,60,248,34,82,154
Hyderabad,2026-05-25 11:58:41.872998,190,212,30,89,201
Hyderabad,2026-06-07 11:58:41.872998,195,59,36,81,127
Bangalore,2026-05-24 11:58:41.872998,142,170,30,66,156
Delhi,2026-06-13 11:58:41.872998,20,73,35,40,46
Mumbai,2026-06-09 11:58:41.872998,53,235,25,53,144
Delhi,2026-06-03 11:58:41.872998,92,186,31,79,139
Bangalore,2026-05-24 11:58:41.872998,138,119,21,46,128
Hyderabad,2026-05-19 11:58:41.872998,61,193,25,44,127
Bangalore,2026-06-01 11:58:41.872998,87,128,28,43,107
Chennai,2026-06-04 11:58:41.872998,40,248,22,81,144
Chennai,2026-05-23 11:58:41.872998,136,208,22,84,172
Chennai,2026-05-29 11:58:41.872998,71,98,22,77,84
Bangalore,2026-05-28 11:58:41.872998,155,188,21,42,171
Bangalore,2026-06-10 11:58:41.872998,74,220,29,58,147
Chennai,2026-05-21 11:58:41.872998,102,89,27,78,95
Chennai,2026-05-21 11:58:41.872998,193,224,32,55,208
Hyderabad,2026-05-24 11:58:41.872998,136,81,29,54,108
Delhi,2026-06-06 11:58:41.872998,182,130,36,89,156
Hyderabad,2026-06-03 11:58:41.872998,158,110,38,83,134
Mumbai,2026-06-17 11:58:41.872998,162,65,34,69,113
Chennai,2026-06-09 11:58:41.889072,163,229,23,54,196
Delhi,2026-05-19 11:58:41.889072,24,216,23,65,120
Hyderabad,2026-06-16 11:58:41.889072,47,132,37,85,89
Hyderabad,2026-05-19 11:58:41.889072,102,197,37,79,149
Mumbai,2026-06-17 11:58:41.889072,50,217,22,64,133
Hyderabad,2026-06-09 11:58:41.889072,165,50,32,49,107
Bangalore,2026-05-27 11:58:41.889072,71,49,31,45,60
Bangalore,2026-05-23 11:58:41.889072,74,219,30,63,146
